[{"model": "auth.user", "pk": 1, "fields": {"password": "pbkdf2_sha256$1000000$egP7TfkUsjMKRlKKgPAbhc$rIYSWXjof0iNHVy2UGKz7DL1YsK+1CNZyivgd0wCF8I=", "last_login": "2025-07-29T20:27:39.808Z", "is_superuser": true, "username": "admin", "first_name": "", "last_name": "", "email": "", "is_staff": true, "is_active": true, "date_joined": "2025-07-15T17:04:30.888Z", "groups": [], "user_permissions": []}}, {"model": "sessions.session", "pk": "7uucc9or0geateo2l9goe9svk19jwo7t", "fields": {"session_data": ".eJxVjEEOwiAQRe_C2pDCAO24dO8ZyACDVA0kpV0Z765NutDtf-_9l_C0rcVvnRc_J3EWSpx-t0DxwXUH6U711mRsdV3mIHdFHrTLa0v8vBzu30GhXr414kiYrbIDjNFggAw68uAyTKwzMTsAo7XJ2SEoIJiSMsGgcmDZJRDvD80INyE:1ubj5H:1w4I4L11100A8UsghOBzD_aZ8NUQo5FekCeM6fsSzC4", "expire_date": "2025-07-29T17:04:51.934Z"}}, {"model": "sessions.session", "pk": "bige1h0mcunombzov9sz87i2dguszl43", "fields": {"session_data": ".eJxVjEEOwiAQRe_C2pDCAO24dO8ZyACDVA0kpV0Z765NutDtf-_9l_C0rcVvnRc_J3EWSpx-t0DxwXUH6U711mRsdV3mIHdFHrTLa0v8vBzu30GhXr414kiYrbIDjNFggAw68uAyTKwzMTsAo7XJ2SEoIJiSMsGgcmDZJRDvD80INyE:1ugqvD:1i57SAV2QK-oOWExY1YZT092tGJYW8EEDqV83cl4SUA", "expire_date": "2025-08-12T20:27:39.809Z"}}, {"model": "sessions.session", "pk": "hjura04gqascusn81chidcsi99z958j0", "fields": {"session_data": ".eJxVjEEOwiAQRe_C2pDCAO24dO8ZyACDVA0kpV0Z765NutDtf-_9l_C0rcVvnRc_J3EWSpx-t0DxwXUH6U711mRsdV3mIHdFHrTLa0v8vBzu30GhXr414kiYrbIDjNFggAw68uAyTKwzMTsAo7XJ2SEoIJiSMsGgcmDZJRDvD80INyE:1ucVx5:mnWJPhMWw8gKKxk65t1xveJ-U43z3u8wN3T6gSJn0JA", "expire_date": "2025-07-31T21:15:39.535Z"}}, {"model": "pizza.pizza", "pk": 10, "fields": {"name": "Hawaiian", "category": "classic", "description": "With pineapple and ham", "image": "pizzas/hawaiian.webp"}}, {"model": "pizza.pizza", "pk": 11, "fields": {"name": "BBQ Chicken", "category": "special", "description": "Chicken with barbecue sauce", "image": "pizzas/bbq_ckn.webp"}}, {"model": "pizza.pizza", "pk": 12, "fields": {"name": "Big Meat", "category": "meat", "description": "Loaded with various meats", "image": "pizzas/big_meat.webp"}}, {"model": "pizza.pizza", "pk": 13, "fields": {"name": "Brie Carre", "category": "cheese", "description": "Brie cheese with fresh herbs", "image": "pizzas/brie_carre.webp"}}, {"model": "pizza.pizza", "pk": 14, "fields": {"name": "Calabrese", "category": "spicy", "description": "Spicy pizza with Calabrese sausage", "image": "pizzas/calabrese.webp"}}, {"model": "pizza.pizza", "pk": 15, "fields": {"name": "California Chicken", "category": "special", "description": "Chicken with veggies and sauce", "image": "pizzas/cali_ckn.webp"}}, {"model": "pizza.pizza", "pk": 16, "fields": {"name": "Chicken Alfredo", "category": "special", "description": "Chicken with Alfredo sauce and cheese", "image": "pizzas/ckn_alfredo.webp"}}, {"model": "pizza.pizza", "pk": 17, "fields": {"name": "Chicken Pesto", "category": "special", "description": "Chicken with pesto and mozzarella", "image": "pizzas/ckn_pesto.webp"}}, {"model": "pizza.pizza", "pk": 18, "fields": {"name": "Classic Deluxe", "category": "classic", "description": "Classic pizza with cheese and tomatoes", "image": "pizzas/classic_dlx.webp"}}, {"model": "pizza.pizza", "pk": 19, "fields": {"name": "Five Cheese", "category": "cheese", "description": "Five kinds of cheese", "image": "pizzas/five_cheese.webp"}}, {"model": "pizza.pizza", "pk": 20, "fields": {"name": "Four Cheese", "category": "cheese", "description": "Four kinds of cheese", "image": "pizzas/four_cheese.webp"}}, {"model": "pizza.pizza", "pk": 21, "fields": {"name": "Green Garden", "category": "vegetarian", "description": "Fresh vegetables and greens", "image": "pizzas/green_garden.webp"}}, {"model": "pizza.pizza", "pk": 22, "fields": {"name": "Italian Capricciosa", "category": "classic", "description": "Italian classic with ham and mushrooms", "image": "pizzas/ital_cpcllo.webp"}}, {"model": "pizza.pizza", "pk": 23, "fields": {"name": "Italian Supreme", "category": "classic", "description": "Premium pizza with various meats", "image": "pizzas/ital_supr.webp"}}, {"model": "pizza.pizza", "pk": 24, "fields": {"name": "Italian Veggie", "category": "vegetarian", "description": "Vegetarian pizza in Italian style", "image": "pizzas/ital_veggie.webp"}}, {"model": "pizza.pizza", "pk": 25, "fields": {"name": "Mediterraneo", "category": "special", "description": "Pizza with seafood and herbs", "image": "pizzas/mediterraneo.webp"}}, {"model": "pizza.pizza", "pk": 26, "fields": {"name": "An", "category": "special", "description": "Description for An pizza", "image": "pizzas/an.webp"}}, {"model": "pizza.pizzasize", "pk": 1, "fields": {"pizza": 10, "size": "S", "price": "8.00"}}, {"model": "pizza.pizzasize", "pk": 2, "fields": {"pizza": 10, "size": "M", "price": "10.00"}}, {"model": "pizza.pizzasize", "pk": 3, "fields": {"pizza": 10, "size": "L", "price": "12.00"}}, {"model": "pizza.pizzasize", "pk": 4, "fields": {"pizza": 11, "size": "S", "price": "9.00"}}, {"model": "pizza.pizzasize", "pk": 5, "fields": {"pizza": 11, "size": "M", "price": "11.00"}}, {"model": "pizza.pizzasize", "pk": 6, "fields": {"pizza": 11, "size": "L", "price": "13.00"}}, {"model": "pizza.pizzasize", "pk": 7, "fields": {"pizza": 12, "size": "S", "price": "9.00"}}, {"model": "pizza.pizzasize", "pk": 8, "fields": {"pizza": 12, "size": "M", "price": "11.00"}}, {"model": "pizza.pizzasize", "pk": 9, "fields": {"pizza": 12, "size": "L", "price": "13.00"}}, {"model": "pizza.pizzasize", "pk": 10, "fields": {"pizza": 13, "size": "S", "price": "10.00"}}, {"model": "pizza.pizzasize", "pk": 11, "fields": {"pizza": 13, "size": "M", "price": "12.00"}}, {"model": "pizza.pizzasize", "pk": 12, "fields": {"pizza": 13, "size": "L", "price": "14.00"}}, {"model": "pizza.pizzasize", "pk": 13, "fields": {"pizza": 14, "size": "S", "price": "8.00"}}, {"model": "pizza.pizzasize", "pk": 14, "fields": {"pizza": 14, "size": "M", "price": "10.00"}}, {"model": "pizza.pizzasize", "pk": 15, "fields": {"pizza": 14, "size": "L", "price": "12.00"}}, {"model": "pizza.pizzasize", "pk": 16, "fields": {"pizza": 15, "size": "S", "price": "9.00"}}, {"model": "pizza.pizzasize", "pk": 17, "fields": {"pizza": 15, "size": "M", "price": "11.00"}}, {"model": "pizza.pizzasize", "pk": 18, "fields": {"pizza": 15, "size": "L", "price": "13.00"}}, {"model": "pizza.pizzasize", "pk": 19, "fields": {"pizza": 16, "size": "S", "price": "9.00"}}, {"model": "pizza.pizzasize", "pk": 20, "fields": {"pizza": 16, "size": "M", "price": "11.00"}}, {"model": "pizza.pizzasize", "pk": 21, "fields": {"pizza": 16, "size": "L", "price": "13.00"}}, {"model": "pizza.pizzasize", "pk": 22, "fields": {"pizza": 17, "size": "S", "price": "9.00"}}, {"model": "pizza.pizzasize", "pk": 23, "fields": {"pizza": 17, "size": "M", "price": "11.00"}}, {"model": "pizza.pizzasize", "pk": 24, "fields": {"pizza": 17, "size": "L", "price": "13.00"}}, {"model": "pizza.pizzasize", "pk": 25, "fields": {"pizza": 18, "size": "S", "price": "8.00"}}, {"model": "pizza.pizzasize", "pk": 26, "fields": {"pizza": 18, "size": "M", "price": "10.00"}}, {"model": "pizza.pizzasize", "pk": 27, "fields": {"pizza": 18, "size": "L", "price": "12.00"}}, {"model": "pizza.pizzasize", "pk": 28, "fields": {"pizza": 19, "size": "S", "price": "10.00"}}, {"model": "pizza.pizzasize", "pk": 29, "fields": {"pizza": 19, "size": "M", "price": "12.00"}}, {"model": "pizza.pizzasize", "pk": 30, "fields": {"pizza": 19, "size": "L", "price": "14.00"}}, {"model": "pizza.pizzasize", "pk": 31, "fields": {"pizza": 20, "size": "S", "price": "10.00"}}, {"model": "pizza.pizzasize", "pk": 32, "fields": {"pizza": 20, "size": "M", "price": "12.00"}}, {"model": "pizza.pizzasize", "pk": 33, "fields": {"pizza": 20, "size": "L", "price": "14.00"}}, {"model": "pizza.pizzasize", "pk": 34, "fields": {"pizza": 21, "size": "S", "price": "8.00"}}, {"model": "pizza.pizzasize", "pk": 35, "fields": {"pizza": 21, "size": "M", "price": "10.00"}}, {"model": "pizza.pizzasize", "pk": 36, "fields": {"pizza": 21, "size": "L", "price": "12.00"}}, {"model": "pizza.pizzasize", "pk": 37, "fields": {"pizza": 22, "size": "S", "price": "8.00"}}, {"model": "pizza.pizzasize", "pk": 38, "fields": {"pizza": 22, "size": "M", "price": "10.00"}}, {"model": "pizza.pizzasize", "pk": 39, "fields": {"pizza": 22, "size": "L", "price": "12.00"}}, {"model": "pizza.pizzasize", "pk": 40, "fields": {"pizza": 23, "size": "S", "price": "8.00"}}, {"model": "pizza.pizzasize", "pk": 41, "fields": {"pizza": 23, "size": "M", "price": "10.00"}}, {"model": "pizza.pizzasize", "pk": 42, "fields": {"pizza": 23, "size": "L", "price": "12.00"}}, {"model": "pizza.pizzasize", "pk": 43, "fields": {"pizza": 24, "size": "S", "price": "8.00"}}, {"model": "pizza.pizzasize", "pk": 44, "fields": {"pizza": 24, "size": "M", "price": "10.00"}}, {"model": "pizza.pizzasize", "pk": 45, "fields": {"pizza": 24, "size": "L", "price": "12.00"}}, {"model": "pizza.pizzasize", "pk": 46, "fields": {"pizza": 25, "size": "S", "price": "9.00"}}, {"model": "pizza.pizzasize", "pk": 47, "fields": {"pizza": 25, "size": "M", "price": "11.00"}}, {"model": "pizza.pizzasize", "pk": 48, "fields": {"pizza": 25, "size": "L", "price": "13.00"}}, {"model": "pizza.pizzasize", "pk": 49, "fields": {"pizza": 26, "size": "S", "price": "9.00"}}, {"model": "pizza.pizzasize", "pk": 50, "fields": {"pizza": 26, "size": "M", "price": "11.00"}}, {"model": "pizza.pizzasize", "pk": 51, "fields": {"pizza": 26, "size": "L", "price": "13.00"}}, {"model": "cart.order", "pk": "000a6398-196a-422c-8173-81ffea1f7836", "fields": {"date": "2025-07-22", "time": "22:47:40.335"}}, {"model": "cart.order", "pk": "01eed5c7-7794-4a94-98a1-0bec6c1dede9", "fields": {"date": "2025-07-22", "time": "22:43:42.520"}}, {"model": "cart.order", "pk": "02d46762-88d3-4a60-9102-8d66a3c8848b", "fields": {"date": "2025-07-23", "time": "12:48:48.021"}}, {"model": "cart.order", "pk": "03c52140-6dc8-43ae-bdff-fe1cda5d2bc2", "fields": {"date": "2025-07-23", "time": "12:50:06.925"}}, {"model": "cart.order", "pk": "0b7216d2-c2cd-4005-bb84-0f5e1b1a392f", "fields": {"date": "2025-07-17", "time": "22:25:06.405"}}, {"model": "cart.order", "pk": "126aa3bf-c3bd-4ff5-a992-d2b4d4645124", "fields": {"date": "2025-07-22", "time": "21:51:58.158"}}, {"model": "cart.order", "pk": "1fa598f9-a0eb-476a-a744-521ab0199ad6", "fields": {"date": "2025-07-23", "time": "12:48:07.789"}}, {"model": "cart.order", "pk": "2adb5f48-017b-425e-9860-00233ebed102", "fields": {"date": "2025-07-22", "time": "21:30:59.099"}}, {"model": "cart.order", "pk": "3768a000-e20b-4490-8b32-cf46f8ea0953", "fields": {"date": "2025-07-22", "time": "22:44:34.079"}}, {"model": "cart.order", "pk": "38c685ed-5e62-408f-87c6-122b8f303d01", "fields": {"date": "2025-07-23", "time": "22:42:51.529"}}, {"model": "cart.order", "pk": "39d0121e-a31d-4c40-8085-229c909b9a9a", "fields": {"date": "2025-07-23", "time": "23:06:26.312"}}, {"model": "cart.order", "pk": "3adb9f12-9333-4712-9a92-33bbf01c65bc", "fields": {"date": "2025-07-23", "time": "15:38:13.354"}}, {"model": "cart.order", "pk": "460e6e78-fbd0-44e3-bc61-e38e6da8aeff", "fields": {"date": "2025-07-22", "time": "22:46:19.660"}}, {"model": "cart.order", "pk": "5cf4d85d-bb2d-4323-9600-9c53cf0dd69c", "fields": {"date": "2025-07-23", "time": "15:40:32.292"}}, {"model": "cart.order", "pk": "62033e93-7c33-41c7-a5c1-6e7b8db9d8f0", "fields": {"date": "2025-07-23", "time": "15:43:47.307"}}, {"model": "cart.order", "pk": "6bea9d61-8d24-44d9-86f0-c2425d583340", "fields": {"date": "2025-07-23", "time": "12:50:42.188"}}, {"model": "cart.order", "pk": "70614a47-22dc-460d-ba9d-40b3c253d16f", "fields": {"date": "2025-07-23", "time": "22:41:26.822"}}, {"model": "cart.order", "pk": "77879ef2-6418-4dae-953a-8152fc020583", "fields": {"date": "2025-07-23", "time": "22:25:30.768"}}, {"model": "cart.order", "pk": "7e04dc56-6276-4c96-8d2a-e946a9b38874", "fields": {"date": "2025-07-23", "time": "15:41:28.999"}}, {"model": "cart.order", "pk": "7f4a1bd0-ecad-4dd4-86ec-131b6c861b12", "fields": {"date": "2025-07-23", "time": "23:06:06.335"}}, {"model": "cart.order", "pk": "872ea9c4-af02-40c4-a057-ffcc8e60681a", "fields": {"date": "2025-07-23", "time": "23:13:34.233"}}, {"model": "cart.order", "pk": "8d1464fa-21f7-402c-9db5-e897341a7ec1", "fields": {"date": "2025-07-23", "time": "12:50:39.867"}}, {"model": "cart.order", "pk": "8d370a66-0969-4ee3-9483-200c8cac6b73", "fields": {"date": "2025-07-23", "time": "22:42:39.261"}}, {"model": "cart.order", "pk": "8dbdfc39-04b6-41d2-afc2-2611a67492eb", "fields": {"date": "2025-07-23", "time": "15:37:25.798"}}, {"model": "cart.order", "pk": "90046718-0061-4ecf-b9e0-f808695f2acf", "fields": {"date": "2025-07-24", "time": "17:43:21.692"}}, {"model": "cart.order", "pk": "921ec2db-68c9-4b83-99df-654c3cfeaba2", "fields": {"date": "2025-07-22", "time": "22:47:59.448"}}, {"model": "cart.order", "pk": "a783e378-fad3-47b8-b513-059c9c96ae73", "fields": {"date": "2025-07-23", "time": "12:52:32.280"}}, {"model": "cart.order", "pk": "b10a9d47-ae23-4433-a2dc-d1a547248a57", "fields": {"date": "2025-07-23", "time": "15:42:10.406"}}, {"model": "cart.order", "pk": "b7e2477b-5c4f-4616-ab75-e5bac106e608", "fields": {"date": "2025-07-23", "time": "12:50:23.943"}}, {"model": "cart.order", "pk": "bd046353-2da9-4217-ac31-5c6110af55a6", "fields": {"date": "2025-07-23", "time": "23:13:20.073"}}, {"model": "cart.order", "pk": "bed55265-8da3-48a9-b8e8-2d7e2b5bc1f7", "fields": {"date": "2025-07-23", "time": "01:18:30.052"}}, {"model": "cart.order", "pk": "bf7eaa45-50e1-45af-bf03-afd34f55f2ea", "fields": {"date": "2025-07-23", "time": "15:38:50.032"}}, {"model": "cart.order", "pk": "c50dcbd8-b0fb-471d-9924-4632b303b19f", "fields": {"date": "2025-07-23", "time": "15:43:17.536"}}, {"model": "cart.order", "pk": "e944265c-1d98-4d5f-8ae7-f7ceb2781ef9", "fields": {"date": "2025-07-24", "time": "17:38:51.863"}}, {"model": "cart.order", "pk": "f5e3c605-df64-4c16-97d9-ed6185b020be", "fields": {"date": "2025-07-24", "time": "19:27:11.590"}}, {"model": "cart.orderitem", "pk": 2, "fields": {"order": "0b7216d2-c2cd-4005-bb84-0f5e1b1a392f", "pizza_size": 1, "quantity": 3}}, {"model": "cart.orderitem", "pk": 3, "fields": {"order": "0b7216d2-c2cd-4005-bb84-0f5e1b1a392f", "pizza_size": 14, "quantity": 2}}, {"model": "cart.orderitem", "pk": 4, "fields": {"order": "2adb5f48-017b-425e-9860-00233ebed102", "pizza_size": 1, "quantity": 2}}, {"model": "cart.orderitem", "pk": 5, "fields": {"order": "2adb5f48-017b-425e-9860-00233ebed102", "pizza_size": 2, "quantity": 2}}, {"model": "cart.orderitem", "pk": 6, "fields": {"order": "2adb5f48-017b-425e-9860-00233ebed102", "pizza_size": 1, "quantity": 1}}, {"model": "cart.orderitem", "pk": 7, "fields": {"order": "126aa3bf-c3bd-4ff5-a992-d2b4d4645124", "pizza_size": 2, "quantity": 1}}, {"model": "cart.orderitem", "pk": 8, "fields": {"order": "01eed5c7-7794-4a94-98a1-0bec6c1dede9", "pizza_size": 10, "quantity": 1}}, {"model": "cart.orderitem", "pk": 9, "fields": {"order": "01eed5c7-7794-4a94-98a1-0bec6c1dede9", "pizza_size": 10, "quantity": 1}}, {"model": "cart.orderitem", "pk": 10, "fields": {"order": "3768a000-e20b-4490-8b32-cf46f8ea0953", "pizza_size": 17, "quantity": 1}}, {"model": "cart.orderitem", "pk": 11, "fields": {"order": "3768a000-e20b-4490-8b32-cf46f8ea0953", "pizza_size": 17, "quantity": 1}}, {"model": "cart.orderitem", "pk": 12, "fields": {"order": "3768a000-e20b-4490-8b32-cf46f8ea0953", "pizza_size": 12, "quantity": 1}}, {"model": "cart.orderitem", "pk": 13, "fields": {"order": "460e6e78-fbd0-44e3-bc61-e38e6da8aeff", "pizza_size": 10, "quantity": 1}}, {"model": "cart.orderitem", "pk": 14, "fields": {"order": "460e6e78-fbd0-44e3-bc61-e38e6da8aeff", "pizza_size": 10, "quantity": 1}}, {"model": "cart.orderitem", "pk": 15, "fields": {"order": "000a6398-196a-422c-8173-81ffea1f7836", "pizza_size": 10, "quantity": 1}}, {"model": "cart.orderitem", "pk": 16, "fields": {"order": "000a6398-196a-422c-8173-81ffea1f7836", "pizza_size": 10, "quantity": 1}}, {"model": "cart.orderitem", "pk": 17, "fields": {"order": "921ec2db-68c9-4b83-99df-654c3cfeaba2", "pizza_size": 10, "quantity": 1}}, {"model": "cart.orderitem", "pk": 18, "fields": {"order": "921ec2db-68c9-4b83-99df-654c3cfeaba2", "pizza_size": 10, "quantity": 1}}, {"model": "cart.orderitem", "pk": 19, "fields": {"order": "921ec2db-68c9-4b83-99df-654c3cfeaba2", "pizza_size": 10, "quantity": 1}}, {"model": "cart.orderitem", "pk": 20, "fields": {"order": "921ec2db-68c9-4b83-99df-654c3cfeaba2", "pizza_size": 10, "quantity": 1}}, {"model": "cart.orderitem", "pk": 21, "fields": {"order": "921ec2db-68c9-4b83-99df-654c3cfeaba2", "pizza_size": 10, "quantity": 1}}, {"model": "cart.orderitem", "pk": 22, "fields": {"order": "bed55265-8da3-48a9-b8e8-2d7e2b5bc1f7", "pizza_size": 16, "quantity": 1}}, {"model": "cart.orderitem", "pk": 23, "fields": {"order": "bed55265-8da3-48a9-b8e8-2d7e2b5bc1f7", "pizza_size": 16, "quantity": 1}}, {"model": "cart.orderitem", "pk": 24, "fields": {"order": "bed55265-8da3-48a9-b8e8-2d7e2b5bc1f7", "pizza_size": 22, "quantity": 1}}, {"model": "cart.orderitem", "pk": 25, "fields": {"order": "1fa598f9-a0eb-476a-a744-521ab0199ad6", "pizza_size": 10, "quantity": 1}}, {"model": "cart.orderitem", "pk": 26, "fields": {"order": "1fa598f9-a0eb-476a-a744-521ab0199ad6", "pizza_size": 10, "quantity": 1}}, {"model": "cart.orderitem", "pk": 27, "fields": {"order": "1fa598f9-a0eb-476a-a744-521ab0199ad6", "pizza_size": 10, "quantity": 1}}, {"model": "cart.orderitem", "pk": 28, "fields": {"order": "02d46762-88d3-4a60-9102-8d66a3c8848b", "pizza_size": 10, "quantity": 1}}, {"model": "cart.orderitem", "pk": 29, "fields": {"order": "02d46762-88d3-4a60-9102-8d66a3c8848b", "pizza_size": 10, "quantity": 1}}, {"model": "cart.orderitem", "pk": 30, "fields": {"order": "02d46762-88d3-4a60-9102-8d66a3c8848b", "pizza_size": 10, "quantity": 1}}, {"model": "cart.orderitem", "pk": 31, "fields": {"order": "03c52140-6dc8-43ae-bdff-fe1cda5d2bc2", "pizza_size": 13, "quantity": 1}}, {"model": "cart.orderitem", "pk": 32, "fields": {"order": "03c52140-6dc8-43ae-bdff-fe1cda5d2bc2", "pizza_size": 13, "quantity": 1}}, {"model": "cart.orderitem", "pk": 33, "fields": {"order": "03c52140-6dc8-43ae-bdff-fe1cda5d2bc2", "pizza_size": 13, "quantity": 1}}, {"model": "cart.orderitem", "pk": 34, "fields": {"order": "b7e2477b-5c4f-4616-ab75-e5bac106e608", "pizza_size": 12, "quantity": 1}}, {"model": "cart.orderitem", "pk": 35, "fields": {"order": "8d1464fa-21f7-402c-9db5-e897341a7ec1", "pizza_size": 11, "quantity": 1}}, {"model": "cart.orderitem", "pk": 36, "fields": {"order": "6bea9d61-8d24-44d9-86f0-c2425d583340", "pizza_size": 10, "quantity": 1}}, {"model": "cart.orderitem", "pk": 37, "fields": {"order": "a783e378-fad3-47b8-b513-059c9c96ae73", "pizza_size": 10, "quantity": 1}}, {"model": "cart.orderitem", "pk": 46, "fields": {"order": "0b7216d2-c2cd-4005-bb84-0f5e1b1a392f", "pizza_size": 4, "quantity": 1}}, {"model": "cart.orderitem", "pk": 47, "fields": {"order": "8dbdfc39-04b6-41d2-afc2-2611a67492eb", "pizza_size": 10, "quantity": 1}}, {"model": "cart.orderitem", "pk": 48, "fields": {"order": "3adb9f12-9333-4712-9a92-33bbf01c65bc", "pizza_size": 10, "quantity": 1}}, {"model": "cart.orderitem", "pk": 49, "fields": {"order": "3adb9f12-9333-4712-9a92-33bbf01c65bc", "pizza_size": 11, "quantity": 1}}, {"model": "cart.orderitem", "pk": 50, "fields": {"order": "bf7eaa45-50e1-45af-bf03-afd34f55f2ea", "pizza_size": 10, "quantity": 1}}, {"model": "cart.orderitem", "pk": 51, "fields": {"order": "bf7eaa45-50e1-45af-bf03-afd34f55f2ea", "pizza_size": 11, "quantity": 1}}, {"model": "cart.orderitem", "pk": 52, "fields": {"order": "5cf4d85d-bb2d-4323-9600-9c53cf0dd69c", "pizza_size": 1, "quantity": 1}}, {"model": "cart.orderitem", "pk": 53, "fields": {"order": "5cf4d85d-bb2d-4323-9600-9c53cf0dd69c", "pizza_size": 2, "quantity": 1}}, {"model": "cart.orderitem", "pk": 54, "fields": {"order": "7e04dc56-6276-4c96-8d2a-e946a9b38874", "pizza_size": 10, "quantity": 1}}, {"model": "cart.orderitem", "pk": 55, "fields": {"order": "7e04dc56-6276-4c96-8d2a-e946a9b38874", "pizza_size": 10, "quantity": 1}}, {"model": "cart.orderitem", "pk": 56, "fields": {"order": "b10a9d47-ae23-4433-a2dc-d1a547248a57", "pizza_size": 10, "quantity": 1}}, {"model": "cart.orderitem", "pk": 57, "fields": {"order": "b10a9d47-ae23-4433-a2dc-d1a547248a57", "pizza_size": 10, "quantity": 1}}, {"model": "cart.orderitem", "pk": 58, "fields": {"order": "c50dcbd8-b0fb-471d-9924-4632b303b19f", "pizza_size": 10, "quantity": 1}}, {"model": "cart.orderitem", "pk": 59, "fields": {"order": "c50dcbd8-b0fb-471d-9924-4632b303b19f", "pizza_size": 10, "quantity": 1}}, {"model": "cart.orderitem", "pk": 60, "fields": {"order": "62033e93-7c33-41c7-a5c1-6e7b8db9d8f0", "pizza_size": 10, "quantity": 1}}, {"model": "cart.orderitem", "pk": 61, "fields": {"order": "62033e93-7c33-41c7-a5c1-6e7b8db9d8f0", "pizza_size": 10, "quantity": 1}}, {"model": "cart.orderitem", "pk": 62, "fields": {"order": "77879ef2-6418-4dae-953a-8152fc020583", "pizza_size": 10, "quantity": 1}}, {"model": "cart.orderitem", "pk": 63, "fields": {"order": "70614a47-22dc-460d-ba9d-40b3c253d16f", "pizza_size": 10, "quantity": 1}}, {"model": "cart.orderitem", "pk": 64, "fields": {"order": "70614a47-22dc-460d-ba9d-40b3c253d16f", "pizza_size": 10, "quantity": 1}}, {"model": "cart.orderitem", "pk": 65, "fields": {"order": "70614a47-22dc-460d-ba9d-40b3c253d16f", "pizza_size": 10, "quantity": 1}}, {"model": "cart.orderitem", "pk": 66, "fields": {"order": "8d370a66-0969-4ee3-9483-200c8cac6b73", "pizza_size": 10, "quantity": 1}}, {"model": "cart.orderitem", "pk": 67, "fields": {"order": "38c685ed-5e62-408f-87c6-122b8f303d01", "pizza_size": 10, "quantity": 1}}, {"model": "cart.orderitem", "pk": 68, "fields": {"order": "7f4a1bd0-ecad-4dd4-86ec-131b6c861b12", "pizza_size": 1, "quantity": 1}}, {"model": "cart.orderitem", "pk": 69, "fields": {"order": "39d0121e-a31d-4c40-8085-229c909b9a9a", "pizza_size": 1, "quantity": 1}}, {"model": "cart.orderitem", "pk": 70, "fields": {"order": "39d0121e-a31d-4c40-8085-229c909b9a9a", "pizza_size": 2, "quantity": 1}}, {"model": "cart.orderitem", "pk": 71, "fields": {"order": "39d0121e-a31d-4c40-8085-229c909b9a9a", "pizza_size": 3, "quantity": 1}}, {"model": "cart.orderitem", "pk": 72, "fields": {"order": "39d0121e-a31d-4c40-8085-229c909b9a9a", "pizza_size": 3, "quantity": 1}}, {"model": "cart.orderitem", "pk": 73, "fields": {"order": "bd046353-2da9-4217-ac31-5c6110af55a6", "pizza_size": 1, "quantity": 1}}, {"model": "cart.orderitem", "pk": 74, "fields": {"order": "bd046353-2da9-4217-ac31-5c6110af55a6", "pizza_size": 2, "quantity": 1}}, {"model": "cart.orderitem", "pk": 75, "fields": {"order": "bd046353-2da9-4217-ac31-5c6110af55a6", "pizza_size": 3, "quantity": 1}}, {"model": "cart.orderitem", "pk": 76, "fields": {"order": "bd046353-2da9-4217-ac31-5c6110af55a6", "pizza_size": 2, "quantity": 1}}, {"model": "cart.orderitem", "pk": 77, "fields": {"order": "bd046353-2da9-4217-ac31-5c6110af55a6", "pizza_size": 2, "quantity": 1}}, {"model": "cart.orderitem", "pk": 78, "fields": {"order": "872ea9c4-af02-40c4-a057-ffcc8e60681a", "pizza_size": 4, "quantity": 1}}, {"model": "cart.orderitem", "pk": 79, "fields": {"order": "872ea9c4-af02-40c4-a057-ffcc8e60681a", "pizza_size": 6, "quantity": 1}}, {"model": "cart.orderitem", "pk": 80, "fields": {"order": "e944265c-1d98-4d5f-8ae7-f7ceb2781ef9", "pizza_size": 7, "quantity": 1}}, {"model": "cart.orderitem", "pk": 81, "fields": {"order": "90046718-0061-4ecf-b9e0-f808695f2acf", "pizza_size": 2, "quantity": 1}}, {"model": "cart.orderitem", "pk": 82, "fields": {"order": "90046718-0061-4ecf-b9e0-f808695f2acf", "pizza_size": 1, "quantity": 1}}, {"model": "cart.orderitem", "pk": 83, "fields": {"order": "f5e3c605-df64-4c16-97d9-ed6185b020be", "pizza_size": 10, "quantity": 1}}, {"model": "cart.orderitem", "pk": 84, "fields": {"order": "f5e3c605-df64-4c16-97d9-ed6185b020be", "pizza_size": 11, "quantity": 1}}, {"model": "cart.orderitem", "pk": 85, "fields": {"order": "f5e3c605-df64-4c16-97d9-ed6185b020be", "pizza_size": 5, "quantity": 1}}, {"model": "contact.contactmessage", "pk": 1, "fields": {"name": "name", "email": "vita@gmail.com", "message": "ddwqqwd", "created_at": "2025-07-29T20:36:51.558Z"}}, {"model": "contact.contactmessage", "pk": 2, "fields": {"name": "Viktar Chyshevich", "email": "maximug321@gmail.com", "message": "sqsq", "created_at": "2025-07-29T20:41:52.403Z"}}, {"model": "contact.contactmessage", "pk": 3, "fields": {"name": "Viktar Chyshevich", "email": "dsfsd@gmail.com", "message": "цйцй", "created_at": "2025-07-31T15:33:07.875Z"}}, {"model": "contact.contactmessage", "pk": 4, "fields": {"name": "Viktar Chyshevich", "email": "dsfsd@gmail.com", "message": "wqwqwqwqwqw", "created_at": "2025-07-31T15:39:11.258Z"}}, {"model": "contact.contactmessage", "pk": 5, "fields": {"name": "wqwqwqq", "email": "dsdewdfsd@gmail.com", "message": "wqwq", "created_at": "2025-07-31T15:42:29.286Z"}}, {"model": "contact.contactmessage", "pk": 6, "fields": {"name": "Viktar Chyshevich", "email": "vityachishevich@gmail.com", "message": "Смс тест", "created_at": "2025-07-31T16:14:41.838Z"}}, {"model": "contact.contactmessage", "pk": 7, "fields": {"name": "Viktar Chyshevich", "email": "dsdewdfsd@gmail.com", "message": "sasa", "created_at": "2025-08-11T17:27:32.484Z"}}, {"model": "contact.contactmessage", "pk": 8, "fields": {"name": "Viktar Chyshevich", "email": "ewqewqeewqewew@gmail.com", "message": "wqwqw", "created_at": "2025-08-11T17:28:07.331Z"}}, {"model": "contact.contactmessage", "pk": 9, "fields": {"name": "Viktar Chyshevich", "email": "dsfsd@gmail.com", "message": "sasa", "created_at": "2025-08-11T17:30:27.002Z"}}, {"model": "contact.contactmessage", "pk": 10, "fields": {"name": "Viktar Chyshevich", "email": "dsfsd@gmail.com", "message": "sasa", "created_at": "2025-08-11T17:30:27.654Z"}}, {"model": "contact.contactmessage", "pk": 11, "fields": {"name": "Viktar Chyshevich", "email": "dsfsd@gmail.com", "message": "sasa", "created_at": "2025-08-11T17:32:29.913Z"}}, {"model": "contact.contactmessage", "pk": 12, "fields": {"name": "Viktar Chyshevich", "email": "maxiksever@gmail.com", "message": "wqw", "created_at": "2025-08-11T17:32:51.495Z"}}, {"model": "contact.contactmessage", "pk": 13, "fields": {"name": "Viktar Chyshevich", "email": "maxiksever@gmail.com", "message": "wqw", "created_at": "2025-08-11T17:32:56.997Z"}}, {"model": "contact.contactmessage", "pk": 14, "fields": {"name": "Viktar Chyshevich", "email": "maxiksever@gmail.com", "message": "wqw", "created_at": "2025-08-11T17:32:57.173Z"}}, {"model": "contact.contactmessage", "pk": 15, "fields": {"name": "Viktar Chyshevich", "email": "maxiksever@gmail.com", "message": "wqw", "created_at": "2025-08-11T17:32:57.333Z"}}, {"model": "contact.contactmessage", "pk": 16, "fields": {"name": "Viktar Chyshevich", "email": "dsdewdfsd@gmail.com", "message": "wqwq", "created_at": "2025-08-11T17:34:09.158Z"}}, {"model": "contact.contactmessage", "pk": 17, "fields": {"name": "Viktar Chyshevich", "email": "dsdewdfsd@gmail.com", "message": "wqwqw", "created_at": "2025-08-11T17:37:05.620Z"}}, {"model": "contact.contactmessage", "pk": 18, "fields": {"name": "Viktar Chyshevich", "email": "dsfsd@gmail.com", "message": "sqs", "created_at": "2025-08-11T17:40:00.342Z"}}, {"model": "contact.contactmessage", "pk": 19, "fields": {"name": "Viktar Chyshevich", "email": "dsfsd@gmail.com", "message": "sqs", "created_at": "2025-08-11T17:42:21.613Z"}}, {"model": "contact.contactmessage", "pk": 20, "fields": {"name": "Viktar Chyshevich", "email": "dsfsd@gmail.com", "message": "sqs", "created_at": "2025-08-11T17:43:27.560Z"}}, {"model": "contact.contactmessage", "pk": 21, "fields": {"name": "Viktar Chyshevich", "email": "vityachishevich@gmail.com", "message": "sa", "created_at": "2025-08-11T18:25:41.497Z"}}, {"model": "contact.contactmessage", "pk": 22, "fields": {"name": "Viktar Chyshevich", "email": "vityachishevich@gmail.com", "message": "ыфыфыф", "created_at": "2025-08-11T18:30:25.803Z"}}, {"model": "contact.contactmessage", "pk": 23, "fields": {"name": "Viktar Chyshevich", "email": "maximug321@gmail.com", "message": "вфывф", "created_at": "2025-08-11T18:31:53.813Z"}}, {"model": "contact.contactmessage", "pk": 24, "fields": {"name": "ыцйывйцы", "email": "dsfsd@gmail.com", "message": "высвысвывс", "created_at": "2025-08-11T18:33:06.502Z"}}, {"model": "contact.contactmessage", "pk": 25, "fields": {"name": "свысвысывс", "email": "maxiksever@gmail.com", "message": "ыйыйыйыйыыйыыйы", "created_at": "2025-08-11T18:33:59.900Z"}}]